<?xml version="1.0" encoding="UTF-8" standalone="yes"?>
<survey
        name="Test form"
        defaultLanguageCode="en"
        version='2.0'
        app="akvoflow-uat1"
        surveyGroupId="155852013"
        surveyGroupName="New survey"
        surveyId="156792013">
    <questionGroup>
        <heading>group1</heading>
        <question
                order="1"
                type="free"
                mandatory="true"
                localeNameFlag="false"
                id="154822013">
            <text>text question</text>
        </question>
        <question
                order="2"
                type="option"
                mandatory="true"
                localeNameFlag="false"
                id="154852013">
            <options
                    allowOther="false"
                    allowMultiple="false"
                    renderType="radio">
                <option
                        value="yes"
                        code="1">
                    <text>yes</text>
                </option>
                <option
                        value="no"
                        code="2">
                    <text>no</text>
                </option>
                <option
                        value="maybe"
                        code="3">
                    <text>maybe</text>
                </option>
            </options>
            <text>option</text>
        </question>
        <question
                order="3"
                allowMultiple="true"
                type="option"
                mandatory="true"
                localeNameFlag="false"
                id="154872013">
            <options
                    allowOther="true"
                    allowMultiple="true">
                <option
                        value="opt1"
                        code="1">
                    <text>opt1</text>
                </option>
                <option
                        value="opt2"
                        code="2">
                    <text>opt2</text>
                </option>
            </options>
            <text>option 2</text>
        </question>
        <question
                order="4"
                type="cascade"
                cascadeResource="cascade-146532013-v1.sqlite"
                mandatory="false"
                localeNameFlag="false"
                id="153562014">
            <levels>
                <level>
                    <text>1</text>
                </level>
                <level>
                    <text>2</text>
                </level>
                <level>
                    <text>3</text>
                </level>
                <level>
                    <text>4</text>
                </level>
            </levels>
            <text>cascade</text>
        </question>
        <question
                order="5"
                requireDoubleEntry="true"
                type="free"
                mandatory="true"
                localeNameFlag="true"
                id="153562013">
            <help type="tip">
                <text>enter a number between 0 and 100</text>
            </help>
            <text>number</text>
            <validationRule
                    minVal="0.0"
                    allowDecimal="false"
                    validationType="numeric"
                    signed="false"
                    maxVal="100.0"/>
        </question>
        <question
                order="6"
                type="geo"
                mandatory="false"
                localeNameFlag="false"
                localeLocationFlag="true"
                id="157782013">
            <text>geolocation</text>
        </question>
        <question
                order="7"
                locked="true"
                type="geo"
                mandatory="false"
                localeNameFlag="false"
                localeLocationFlag="true"
                id="152742013">
            <text>geolocation manual disabled</text>
        </question>
        <question
                order="8"
                type="photo"
                mandatory="false"
                localeNameFlag="false"
                id="152712013">
            <text>photo</text>
        </question>
        <question
                order="9"
                type="video"
                mandatory="false"
                localeNameFlag="false"
                id="154052014">
            <text>video</text>
        </question>
        <question
                order="10"
                type="date"
                mandatory="true"
                localeNameFlag="false"
                id="152722013">
            <text>date</text>
        </question>
        <question
                order="11"
                type="scan"
                mandatory="false"
                localeNameFlag="false"
                id="153562015">
            <text>barcode</text>
        </question>
        <question
                order="12"
                allowMultiple="true"
                type="scan"
                mandatory="false"
                localeNameFlag="false"
                id="155922013">
            <text>barcode multiple</text>
        </question>
        <question
                order="13"
                locked="true"
                allowMultiple="true"
                type="scan"
                mandatory="false"
                localeNameFlag="false"
                id="155932013">
            <text>barcode multiple manual input disabled</text>
        </question>
        <question
                order="14"
                type="geoshape"
                mandatory="false"
                localeNameFlag="false"
                id="153562016"
                allowPoints="true"
                allowLine="true"
                allowPolygon="true">
            <text>geoshape</text>
        </question>
        <question
                order="15"
                type="signature"
                mandatory="false"
                localeNameFlag="false"
                id="152732013">
            <text>signature</text>
        </question>
        <question
                order="16"
                type="caddisfly"
                caddisflyResourceUuid="53a1649a-be67-4a13-8cba-1b7db640037c"
                mandatory="false"
                localeNameFlag="false"
                id="154062013">
            <text>caddisfly</text>
        </question>
    </questionGroup>
</survey>
